﻿<?xml version="1.0" encoding="utf-8"?>
<TextureAtlas imagePath="BOYFRIEND.png">
	<!-- Created with Adobe Animate version 19.0.0.326 -->
	<!-- http://www.adobe.com/products/animate.html -->
	<SubTexture name="BF Dead Loop0000" x="0" y="0" width="263" height="232" frameX="0" frameY="-14" frameWidth="263" frameHeight="246"/>
	<SubTexture name="BF Dead Loop0001" x="263" y="0" width="263" height="240" frameX="0" frameY="-6" frameWidth="263" frameHeight="246"/>
	<SubTexture name="BF Dead Loop0002" x="526" y="0" width="263" height="244" frameX="0" frameY="-2" frameWidth="263" frameHeight="246"/>
	<SubTexture name="BF Dead Loop0003" x="789" y="0" width="263" height="244" frameX="0" frameY="-2" frameWidth="263" frameHeight="246"/>
	<SubTexture name="BF Dead Loop0004" x="789" y="0" width="263" height="244" frameX="0" frameY="-2" frameWidth="263" frameHeight="246"/>
	<SubTexture name="BF Dead Loop0005" x="789" y="0" width="263" height="244" frameX="0" frameY="-2" frameWidth="263" frameHeight="246"/>
	<SubTexture name="BF Dead Loop0006" x="1052" y="0" width="263" height="246"/>
	<SubTexture name="BF Dead Loop0007" x="1315" y="0" width="263" height="245" frameX="0" frameY="-1" frameWidth="263" frameHeight="246"/>
	<SubTexture name="BF Dead Loop0008" x="1578" y="0" width="263" height="243" frameX="0" frameY="-3" frameWidth="263" frameHeight="246"/>
	<SubTexture name="BF Dead Loop0009" x="1841" y="0" width="263" height="243" frameX="0" frameY="-3" frameWidth="263" frameHeight="246"/>
	<SubTexture name="BF Dead Loop0010" x="2104" y="0" width="263" height="243" frameX="0" frameY="-3" frameWidth="263" frameHeight="246"/>
	<SubTexture name="BF Dead Loop0011" x="2104" y="0" width="263" height="243" frameX="0" frameY="-3" frameWidth="263" frameHeight="246"/>
	<SubTexture name="BF Dead Loop0012" x="2104" y="0" width="263" height="243" frameX="0" frameY="-3" frameWidth="263" frameHeight="246"/>
	<SubTexture name="BF Dead Loop0013" x="2104" y="0" width="263" height="243" frameX="0" frameY="-3" frameWidth="263" frameHeight="246"/>
	<SubTexture name="BF Dead Loop0014" x="2104" y="0" width="263" height="243" frameX="0" frameY="-3" frameWidth="263" frameHeight="246"/>
	<SubTexture name="BF Dead Loop0015" x="2104" y="0" width="263" height="243" frameX="0" frameY="-3" frameWidth="263" frameHeight="246"/>
	<SubTexture name="BF Dead Loop0016" x="2104" y="0" width="263" height="243" frameX="0" frameY="-3" frameWidth="263" frameHeight="246"/>
	<SubTexture name="BF Dead Loop0017" x="2104" y="0" width="263" height="243" frameX="0" frameY="-3" frameWidth="263" frameHeight="246"/>
	<SubTexture name="BF Dead Loop0018" x="2104" y="0" width="263" height="243" frameX="0" frameY="-3" frameWidth="263" frameHeight="246"/>
	<SubTexture name="BF Dead Loop0019" x="2367" y="0" width="263" height="238" frameX="0" frameY="-8" frameWidth="263" frameHeight="246"/>
	<SubTexture name="BF Dead Loop0020" x="2630" y="0" width="263" height="238" frameX="0" frameY="-8" frameWidth="263" frameHeight="246"/>
	<SubTexture name="BF Dead Loop0021" x="2893" y="0" width="263" height="243" frameX="0" frameY="-3" frameWidth="263" frameHeight="246"/>
	<SubTexture name="BF Dead Loop0022" x="3156" y="0" width="263" height="243" frameX="0" frameY="-3" frameWidth="263" frameHeight="246"/>
	<SubTexture name="BF Dead Loop0023" x="2104" y="0" width="263" height="243" frameX="0" frameY="-3" frameWidth="263" frameHeight="246"/>
	<SubTexture name="BF Dead Loop0024" x="2104" y="0" width="263" height="243" frameX="0" frameY="-3" frameWidth="263" frameHeight="246"/>
	<SubTexture name="BF Dead Loop0025" x="2104" y="0" width="263" height="243" frameX="0" frameY="-3" frameWidth="263" frameHeight="246"/>
	<SubTexture name="BF Dead Loop0026" x="2104" y="0" width="263" height="243" frameX="0" frameY="-3" frameWidth="263" frameHeight="246"/>
	<SubTexture name="BF Dead Loop0027" x="2104" y="0" width="263" height="243" frameX="0" frameY="-3" frameWidth="263" frameHeight="246"/>
	<SubTexture name="BF Dead Loop0028" x="2104" y="0" width="263" height="243" frameX="0" frameY="-3" frameWidth="263" frameHeight="246"/>
	<SubTexture name="BF Dead Loop0029" x="2104" y="0" width="263" height="243" frameX="0" frameY="-3" frameWidth="263" frameHeight="246"/>
	<SubTexture name="BF Dead Loop0030" x="2104" y="0" width="263" height="243" frameX="0" frameY="-3" frameWidth="263" frameHeight="246"/>
	<SubTexture name="BF Dead Loop0031" x="2104" y="0" width="263" height="243" frameX="0" frameY="-3" frameWidth="263" frameHeight="246"/>
	<SubTexture name="BF Dead Loop0032" x="2104" y="0" width="263" height="243" frameX="0" frameY="-3" frameWidth="263" frameHeight="246"/>
	<SubTexture name="BF Dead Loop0033" x="2104" y="0" width="263" height="243" frameX="0" frameY="-3" frameWidth="263" frameHeight="246"/>
	<SubTexture name="BF Dead confirm0000" x="3419" y="0" width="268" height="321" frameX="0" frameY="-14" frameWidth="379" frameHeight="335"/>
	<SubTexture name="BF Dead confirm0001" x="3687" y="0" width="268" height="324" frameX="0" frameY="-11" frameWidth="379" frameHeight="335"/>
	<SubTexture name="BF Dead confirm0002" x="3955" y="0" width="268" height="324" frameX="0" frameY="-9" frameWidth="379" frameHeight="335"/>
	<SubTexture name="BF Dead confirm0003" x="4223" y="0" width="268" height="325" frameX="0" frameY="-8" frameWidth="379" frameHeight="335"/>
	<SubTexture name="BF Dead confirm0004" x="4491" y="0" width="268" height="325" frameX="0" frameY="-7" frameWidth="379" frameHeight="335"/>
	<SubTexture name="BF Dead confirm0005" x="4759" y="0" width="268" height="326" frameX="0" frameY="-6" frameWidth="379" frameHeight="335"/>
	<SubTexture name="BF Dead confirm0006" x="5027" y="0" width="268" height="328" frameX="0" frameY="-5" frameWidth="379" frameHeight="335"/>
	<SubTexture name="BF Dead confirm0007" x="5295" y="0" width="268" height="329" frameX="0" frameY="-4" frameWidth="379" frameHeight="335"/>
	<SubTexture name="BF Dead confirm0008" x="5563" y="0" width="268" height="331" frameX="0" frameY="-3" frameWidth="379" frameHeight="335"/>
	<SubTexture name="BF Dead confirm0009" x="5831" y="0" width="268" height="332" frameX="0" frameY="-2" frameWidth="379" frameHeight="335"/>
	<SubTexture name="BF Dead confirm0010" x="6099" y="0" width="268" height="333" frameX="0" frameY="-1" frameWidth="379" frameHeight="335"/>
	<SubTexture name="BF Dead confirm0011" x="6367" y="0" width="268" height="334" frameX="0" frameY="0" frameWidth="379" frameHeight="335"/>
	<SubTexture name="BF Dead confirm0012" x="6635" y="0" width="268" height="334" frameX="0" frameY="0" frameWidth="379" frameHeight="335"/>
	<SubTexture name="BF Dead confirm0013" x="6903" y="0" width="268" height="334" frameX="0" frameY="0" frameWidth="379" frameHeight="335"/>
	<SubTexture name="BF Dead confirm0014" x="7171" y="0" width="280" height="334" frameX="0" frameY="0" frameWidth="379" frameHeight="335"/>
	<SubTexture name="BF Dead confirm0015" x="7451" y="0" width="293" height="334" frameX="0" frameY="0" frameWidth="379" frameHeight="335"/>
	<SubTexture name="BF Dead confirm0016" x="7744" y="0" width="295" height="334" frameX="0" frameY="0" frameWidth="379" frameHeight="335"/>
	<SubTexture name="BF Dead confirm0017" x="7744" y="0" width="295" height="334" frameX="0" frameY="0" frameWidth="379" frameHeight="335"/>
	<SubTexture name="BF Dead confirm0018" x="7744" y="0" width="295" height="334" frameX="0" frameY="0" frameWidth="379" frameHeight="335"/>
	<SubTexture name="BF Dead confirm0019" x="0" y="334" width="341" height="334" frameX="0" frameY="0" frameWidth="379" frameHeight="335"/>
	<SubTexture name="BF Dead confirm0020" x="341" y="334" width="379" height="334" frameX="0" frameY="0" frameWidth="379" frameHeight="335"/>
	<SubTexture name="BF Dead confirm0021" x="720" y="334" width="345" height="334" frameX="0" frameY="0" frameWidth="379" frameHeight="335"/>
	<SubTexture name="BF Dead confirm0022" x="1065" y="334" width="325" height="334" frameX="0" frameY="0" frameWidth="379" frameHeight="335"/>
	<SubTexture name="BF Dead confirm0023" x="1065" y="334" width="325" height="334" frameX="0" frameY="0" frameWidth="379" frameHeight="335"/>
	<SubTexture name="BF Dead confirm0024" x="1390" y="334" width="325" height="334" frameX="0" frameY="0" frameWidth="379" frameHeight="335"/>
	<SubTexture name="BF Dead confirm0025" x="1390" y="334" width="325" height="334" frameX="0" frameY="0" frameWidth="379" frameHeight="335"/>
	<SubTexture name="BF Dead confirm0026" x="1715" y="334" width="325" height="334" frameX="0" frameY="0" frameWidth="379" frameHeight="335"/>
	<SubTexture name="BF Dead confirm0027" x="1715" y="334" width="325" height="334" frameX="0" frameY="0" frameWidth="379" frameHeight="335"/>
	<SubTexture name="BF Dead confirm0028" x="1715" y="334" width="325" height="334" frameX="0" frameY="0" frameWidth="379" frameHeight="335"/>
	<SubTexture name="BF Dead confirm0029" x="1390" y="334" width="325" height="334" frameX="0" frameY="0" frameWidth="379" frameHeight="335"/>
	<SubTexture name="BF Dead confirm0030" x="1390" y="334" width="325" height="334" frameX="0" frameY="0" frameWidth="379" frameHeight="335"/>
	<SubTexture name="BF Dead confirm0031" x="1065" y="334" width="325" height="334" frameX="0" frameY="0" frameWidth="379" frameHeight="335"/>
	<SubTexture name="BF Dead confirm0032" x="1065" y="334" width="325" height="334" frameX="0" frameY="0" frameWidth="379" frameHeight="335"/>
	<SubTexture name="BF Dead confirm0033" x="1065" y="334" width="325" height="334" frameX="0" frameY="0" frameWidth="379" frameHeight="335"/>
	<SubTexture name="BF HEY!! 0000" x="2040" y="334" width="286" height="425" frameX="0" frameY="-1" frameWidth="286" frameHeight="426"/>
	<SubTexture name="BF HEY!! 0001" x="2040" y="334" width="286" height="425" frameX="0" frameY="-1" frameWidth="286" frameHeight="426"/>
	<SubTexture name="BF HEY!! 0002" x="2040" y="334" width="286" height="425" frameX="0" frameY="-1" frameWidth="286" frameHeight="426"/>
	<SubTexture name="BF HEY!! 0003" x="2326" y="334" width="286" height="419" frameX="0" frameY="-6" frameWidth="286" frameHeight="426"/>
	<SubTexture name="BF HEY!! 0004" x="2326" y="334" width="286" height="419" frameX="0" frameY="-6" frameWidth="286" frameHeight="426"/>
	<SubTexture name="BF HEY!! 0005" x="2612" y="334" width="286" height="424" frameX="0" frameY="-1" frameWidth="286" frameHeight="426"/>
	<SubTexture name="BF HEY!! 0006" x="2898" y="334" width="286" height="426"/>
	<SubTexture name="BF HEY!! 0007" x="2898" y="334" width="286" height="426"/>
	<SubTexture name="BF HEY!! 0008" x="2898" y="334" width="286" height="426"/>
	<SubTexture name="BF HEY!! 0009" x="2898" y="334" width="286" height="426"/>
	<SubTexture name="BF HEY!! 0010" x="2898" y="334" width="286" height="426"/>
	<SubTexture name="BF HEY!! 0011" x="2898" y="334" width="286" height="426"/>
	<SubTexture name="BF HEY!! 0012" x="2898" y="334" width="286" height="426"/>
	<SubTexture name="BF HEY!! 0013" x="2898" y="334" width="286" height="426"/>
	<SubTexture name="BF HEY!! 0014" x="2898" y="334" width="286" height="426"/>
	<SubTexture name="BF NOTE DOWN0000" x="3184" y="334" width="340" height="374" frameX="-1" frameY="0" frameWidth="341" frameHeight="374"/>
	<SubTexture name="BF NOTE DOWN0001" x="3524" y="334" width="340" height="374" frameX="0" frameY="0" frameWidth="341" frameHeight="374"/>
	<SubTexture name="BF NOTE DOWN0002" x="3524" y="334" width="340" height="374" frameX="0" frameY="0" frameWidth="341" frameHeight="374"/>
	<SubTexture name="BF NOTE DOWN MISS0000" x="3864" y="334" width="339" height="375" frameX="-1" frameY="0" frameWidth="340" frameHeight="375"/>
	<SubTexture name="BF NOTE DOWN MISS0001" x="4203" y="334" width="339" height="375" frameX="0" frameY="0" frameWidth="340" frameHeight="375"/>
	<SubTexture name="BF NOTE LEFT0000" x="4542" y="334" width="317" height="411"/>
	<SubTexture name="BF NOTE LEFT0001" x="4859" y="334" width="317" height="411"/>
	<SubTexture name="BF NOTE LEFT0002" x="5176" y="334" width="317" height="411"/>
	<SubTexture name="BF NOTE LEFT MISS0000" x="5493" y="334" width="340" height="414"/>
	<SubTexture name="BF NOTE LEFT MISS0001" x="5833" y="334" width="340" height="414"/>
	<SubTexture name="BF NOTE RIGHT0000" x="6173" y="334" width="291" height="419"/>
	<SubTexture name="BF NOTE RIGHT0001" x="6464" y="334" width="291" height="419"/>
	<SubTexture name="BF NOTE RIGHT MISS0000" x="6755" y="334" width="291" height="419"/>
	<SubTexture name="BF NOTE RIGHT MISS0001" x="7046" y="334" width="291" height="419"/>
	<SubTexture name="BF NOTE UP0000" x="7337" y="334" width="346" height="456" frameX="0" frameY="0" frameWidth="346" frameHeight="457"/>
	<SubTexture name="BF NOTE UP0001" x="7337" y="334" width="346" height="456" frameX="0" frameY="0" frameWidth="346" frameHeight="457"/>
	<SubTexture name="BF NOTE UP0002" x="7683" y="334" width="346" height="456" frameX="0" frameY="-1" frameWidth="346" frameHeight="457"/>
	<SubTexture name="BF NOTE UP0003" x="7683" y="334" width="346" height="456" frameX="0" frameY="-1" frameWidth="346" frameHeight="457"/>
	<SubTexture name="BF NOTE UP MISS0000" x="0" y="790" width="346" height="455"/>
	<SubTexture name="BF NOTE UP MISS0001" x="346" y="790" width="346" height="455"/>
	<SubTexture name="BF dies0000" x="692" y="790" width="453" height="408" frameX="-102" frameY="-77" frameWidth="762" frameHeight="575"/>
	<SubTexture name="BF dies0001" x="1145" y="790" width="474" height="450" frameX="-102" frameY="-47" frameWidth="762" frameHeight="575"/>
	<SubTexture name="BF dies0002" x="1619" y="790" width="474" height="450" frameX="-102" frameY="-47" frameWidth="762" frameHeight="575"/>
	<SubTexture name="BF dies0003" x="2093" y="790" width="498" height="458" frameX="-103" frameY="-41" frameWidth="762" frameHeight="575"/>
	<SubTexture name="BF dies0004" x="2591" y="790" width="498" height="458" frameX="-103" frameY="-41" frameWidth="762" frameHeight="575"/>
	<SubTexture name="BF dies0005" x="3089" y="790" width="549" height="487" frameX="-106" frameY="-22" frameWidth="762" frameHeight="575"/>
	<SubTexture name="BF dies0006" x="3638" y="790" width="550" height="487" frameX="-106" frameY="-22" frameWidth="762" frameHeight="575"/>
	<SubTexture name="BF dies0007" x="4188" y="790" width="556" height="498" frameX="-108" frameY="-15" frameWidth="762" frameHeight="575"/>
	<SubTexture name="BF dies0008" x="4744" y="790" width="542" height="506" frameX="-111" frameY="-10" frameWidth="762" frameHeight="575"/>
	<SubTexture name="BF dies0009" x="5286" y="790" width="547" height="514" frameX="-113" frameY="-5" frameWidth="762" frameHeight="575"/>
	<SubTexture name="BF dies0010" x="5833" y="790" width="554" height="516" frameX="-114" frameY="-4" frameWidth="762" frameHeight="575"/>
	<SubTexture name="BF dies0011" x="6387" y="790" width="540" height="520" frameX="-115" frameY="-2" frameWidth="762" frameHeight="575"/>
	<SubTexture name="BF dies0012" x="6927" y="790" width="549" height="521" frameX="-116" frameY="-1" frameWidth="762" frameHeight="575"/>
	<SubTexture name="BF dies0013" x="7476" y="790" width="548" height="523" frameX="-117" frameY="0" frameWidth="762" frameHeight="575"/>
	<SubTexture name="BF dies0014" x="0" y="1313" width="532" height="524" frameX="-117" frameY="0" frameWidth="762" frameHeight="575"/>
	<SubTexture name="BF dies0015" x="532" y="1313" width="549" height="524" frameX="-117" frameY="0" frameWidth="762" frameHeight="575"/>
	<SubTexture name="BF dies0016" x="1081" y="1313" width="549" height="524" frameX="-117" frameY="0" frameWidth="762" frameHeight="575"/>
	<SubTexture name="BF dies0017" x="1630" y="1313" width="543" height="524" frameX="-117" frameY="0" frameWidth="762" frameHeight="575"/>
	<SubTexture name="BF dies0018" x="2173" y="1313" width="543" height="524" frameX="-117" frameY="0" frameWidth="762" frameHeight="575"/>
	<SubTexture name="BF dies0019" x="2716" y="1313" width="550" height="524" frameX="-117" frameY="0" frameWidth="762" frameHeight="575"/>
	<SubTexture name="BF dies0020" x="3266" y="1313" width="550" height="524" frameX="-117" frameY="0" frameWidth="762" frameHeight="575"/>
	<SubTexture name="BF dies0021" x="3816" y="1313" width="539" height="524" frameX="-117" frameY="0" frameWidth="762" frameHeight="575"/>
	<SubTexture name="BF dies0022" x="4355" y="1313" width="539" height="524" frameX="-117" frameY="0" frameWidth="762" frameHeight="575"/>
	<SubTexture name="BF dies0023" x="4894" y="1313" width="546" height="524" frameX="-117" frameY="0" frameWidth="762" frameHeight="575"/>
	<SubTexture name="BF dies0024" x="5440" y="1313" width="546" height="524" frameX="-117" frameY="0" frameWidth="762" frameHeight="575"/>
	<SubTexture name="BF dies0025" x="5986" y="1313" width="551" height="524" frameX="-117" frameY="0" frameWidth="762" frameHeight="575"/>
	<SubTexture name="BF dies0026" x="6537" y="1313" width="551" height="524" frameX="-117" frameY="0" frameWidth="762" frameHeight="575"/>
	<SubTexture name="BF dies0027" x="7088" y="1313" width="571" height="524" frameX="-117" frameY="0" frameWidth="762" frameHeight="575"/>
	<SubTexture name="BF dies0028" x="0" y="1837" width="571" height="524" frameX="-117" frameY="0" frameWidth="762" frameHeight="575"/>
	<SubTexture name="BF dies0029" x="571" y="1837" width="645" height="524" frameX="-117" frameY="0" frameWidth="762" frameHeight="575"/>
	<SubTexture name="BF dies0030" x="1216" y="1837" width="646" height="522" frameX="-116" frameY="-1" frameWidth="762" frameHeight="575"/>
	<SubTexture name="BF dies0031" x="1862" y="1837" width="646" height="522" frameX="-116" frameY="-1" frameWidth="762" frameHeight="575"/>
	<SubTexture name="BF dies0032" x="2508" y="1837" width="643" height="508" frameX="-112" frameY="-9" frameWidth="762" frameHeight="575"/>
	<SubTexture name="BF dies0033" x="3151" y="1837" width="643" height="508" frameX="-112" frameY="-9" frameWidth="762" frameHeight="575"/>
	<SubTexture name="BF dies0034" x="3794" y="1837" width="496" height="508" frameX="-112" frameY="-9" frameWidth="762" frameHeight="575"/>
	<SubTexture name="BF dies0035" x="4290" y="1837" width="473" height="486" frameX="-106" frameY="-23" frameWidth="762" frameHeight="575"/>
	<SubTexture name="BF dies0036" x="4763" y="1837" width="453" height="436" frameX="-102" frameY="-57" frameWidth="762" frameHeight="575"/>
	<SubTexture name="BF dies0037" x="5216" y="1837" width="454" height="436" frameX="-102" frameY="-57" frameWidth="762" frameHeight="575"/>
	<SubTexture name="BF dies0038" x="5670" y="1837" width="456" height="415" frameX="-102" frameY="-72" frameWidth="762" frameHeight="575"/>
	<SubTexture name="BF dies0039" x="6126" y="1837" width="453" height="415" frameX="-102" frameY="-72" frameWidth="762" frameHeight="575"/>
	<SubTexture name="BF dies0040" x="6579" y="1837" width="482" height="436" frameX="-74" frameY="-70" frameWidth="762" frameHeight="575"/>
	<SubTexture name="BF dies0041" x="7061" y="1837" width="484" height="436" frameX="-74" frameY="-70" frameWidth="762" frameHeight="575"/>
	<SubTexture name="BF dies0042" x="7545" y="1837" width="511" height="465" frameX="-44" frameY="-65" frameWidth="762" frameHeight="575"/>
	<SubTexture name="BF dies0043" x="0" y="2361" width="512" height="465" frameX="-44" frameY="-65" frameWidth="762" frameHeight="575"/>
	<SubTexture name="BF dies0044" x="512" y="2361" width="533" height="482" frameX="-25" frameY="-63" frameWidth="762" frameHeight="575"/>
	<SubTexture name="BF dies0045" x="1045" y="2361" width="530" height="482" frameX="-25" frameY="-63" frameWidth="762" frameHeight="575"/>
	<SubTexture name="BF dies0046" x="1575" y="2361" width="555" height="501" frameX="-1" frameY="-67" frameWidth="762" frameHeight="575"/>
	<SubTexture name="BF dies0047" x="2130" y="2361" width="557" height="501" frameX="-1" frameY="-67" frameWidth="762" frameHeight="575"/>
	<SubTexture name="BF dies0048" x="2687" y="2361" width="554" height="501" frameX="-1" frameY="-67" frameWidth="762" frameHeight="575"/>
	<SubTexture name="BF dies0049" x="3241" y="2361" width="556" height="485" frameX="0" frameY="-90" frameWidth="762" frameHeight="575"/>
	<SubTexture name="BF dies0050" x="3797" y="2361" width="263" height="261" frameX="-142" frameY="-244" frameWidth="762" frameHeight="575"/>
	<SubTexture name="BF dies0051" x="4060" y="2361" width="263" height="253" frameX="-142" frameY="-252" frameWidth="762" frameHeight="575"/>
	<SubTexture name="BF dies0052" x="4323" y="2361" width="263" height="248" frameX="-142" frameY="-257" frameWidth="762" frameHeight="575"/>
	<SubTexture name="BF dies0053" x="4323" y="2361" width="263" height="248" frameX="-142" frameY="-257" frameWidth="762" frameHeight="575"/>
	<SubTexture name="BF dies0054" x="4323" y="2361" width="263" height="248" frameX="-142" frameY="-257" frameWidth="762" frameHeight="575"/>
	<SubTexture name="BF dies0055" x="4323" y="2361" width="263" height="248" frameX="-142" frameY="-257" frameWidth="762" frameHeight="575"/>
	<SubTexture name="BF dies0056" x="4323" y="2361" width="263" height="248" frameX="-142" frameY="-257" frameWidth="762" frameHeight="575"/>
	<SubTexture name="BF dies0057" x="4323" y="2361" width="263" height="248" frameX="-142" frameY="-257" frameWidth="762" frameHeight="575"/>
	<SubTexture name="BF idle dance0000" x="4586" y="2361" width="305" height="423" frameX="0" frameY="-9" frameWidth="316" frameHeight="432"/>
	<SubTexture name="BF idle dance0001" x="4586" y="2361" width="305" height="423" frameX="0" frameY="-9" frameWidth="316" frameHeight="432"/>
	<SubTexture name="BF idle dance0002" x="4891" y="2361" width="303" height="425" frameX="-2" frameY="-7" frameWidth="316" frameHeight="432"/>
	<SubTexture name="BF idle dance0003" x="4891" y="2361" width="303" height="425" frameX="-2" frameY="-7" frameWidth="316" frameHeight="432"/>
	<SubTexture name="BF idle dance0004" x="5194" y="2361" width="289" height="421" frameX="-16" frameY="-11" frameWidth="316" frameHeight="432"/>
	<SubTexture name="BF idle dance0005" x="5194" y="2361" width="289" height="421" frameX="-16" frameY="-11" frameWidth="316" frameHeight="432"/>
	<SubTexture name="BF idle dance0006" x="5483" y="2361" width="298" height="432" frameX="-18" frameY="0" frameWidth="316" frameHeight="432"/>
	<SubTexture name="BF idle dance0007" x="5781" y="2361" width="287" height="427" frameX="-18" frameY="-5" frameWidth="316" frameHeight="432"/>
	<SubTexture name="BF idle dance0008" x="5781" y="2361" width="287" height="427" frameX="-18" frameY="-5" frameWidth="316" frameHeight="432"/>
	<SubTexture name="BF idle dance0009" x="5781" y="2361" width="287" height="427" frameX="-18" frameY="-5" frameWidth="316" frameHeight="432"/>
	<SubTexture name="BF idle dance0010" x="5781" y="2361" width="287" height="427" frameX="-18" frameY="-5" frameWidth="316" frameHeight="432"/>
	<SubTexture name="BF idle dance0011" x="5781" y="2361" width="287" height="427" frameX="-18" frameY="-5" frameWidth="316" frameHeight="432"/>
	<SubTexture name="BF idle dance0012" x="5781" y="2361" width="287" height="427" frameX="-18" frameY="-5" frameWidth="316" frameHeight="432"/>
	<SubTexture name="BF idle dance0013" x="5781" y="2361" width="287" height="427" frameX="-18" frameY="-5" frameWidth="316" frameHeight="432"/>
	<SubTexture name="BF idle dance0014" x="5781" y="2361" width="287" height="427" frameX="-18" frameY="-5" frameWidth="316" frameHeight="432"/>
	<SubTexture name="BF idle shaking0000" x="6068" y="2361" width="294" height="417"/>
	<SubTexture name="BF idle shaking0001" x="6362" y="2361" width="294" height="417"/>
	<SubTexture name="BF idle shaking0002" x="6068" y="2361" width="294" height="417"/>
	<SubTexture name="BF idle shaking0003" x="6068" y="2361" width="294" height="417"/>
	<SubTexture name="BF idle shaking0004" x="6362" y="2361" width="294" height="417"/>
	<SubTexture name="BF idle shaking0005" x="6362" y="2361" width="294" height="417"/>
	<SubTexture name="BF idle shaking0006" x="6362" y="2361" width="294" height="417"/>
</TextureAtlas>
